{"cameraMode":{"drawMode":0,"name":"Shaded","section":"Shading Mode"},"sceneLighting":true,"audioPlay":false,"sceneViewState":{"m_AlwaysRefresh":false,"showFog":true,"showSkybox":true,"showFlares":true,"showImageEffects":true,"showParticleSystems":true,"showVisualEffectGraphs":true,"m_FxEnabled":true},"in2DMode":false,"pivot":{"x":0.2193095088005066,"y":3.7964577674865724,"z":115.55784606933594},"rotation":{"x":-0.23017863929271699,"y":-0.5576248168945313,"z":0.16446702182292939,"w":-0.7804230451583862},"size":0.5607900023460388,"orthographic":false}